有仇必記- 何志光頻道 Ho C K Jonathan, https://www.youtube.com/reportabuse?u=2UcOi6RPQG5J3DovCre1JA&report_abuse_type=Z
陳怡ChanYee, https://www.youtube.com/reportabuse?report_abuse_type=Z&u=O4mttl54gQ0UW-DqyVrvLQ
Simon, https://www.youtube.com/reportabuse?report_abuse_type=Z&u=uNY7uTtTLTCS34YZHdefjA
華記正撚樣Alex Yeung channel, https://www.youtube.com/reportabuse?u=jQiROcVtb0ZqPpA-xE2flA&report_abuse_type=Z
幫港出聲 Silent Majority, https://www.youtube.com/reportabuse?report_abuse_type=Z&u=c2INQRrqsOeOCcf5cIbvtA
Albert Ip, https://www.youtube.com/reportabuse?report_abuse_type=Z&u=_wxcJGJ3iO_B7TzfZm0ccA
LTM News【重點資訊】,https://www.youtube.com/reportabuse?u=FEfp4o-Q46liveICbhyCHw&report_abuse_type=Z
singtaotv星電視, https://www.youtube.com/reportabuse?report_abuse_type=Z&u=YWSlgQB1BpfQTkNm_P5qIw
大衛Sir,https://www.youtube.com/reportabuse?u=X016cNODDxgtrmJRat3eTQ&report_abuse_type=Z
Nathan Rich 火锅大王,https://www.youtube.com/reportabuse?report_abuse_type=Z&u=aSlyjhR4WC7QhYuaivxb6g
veronbenny, https://www.youtube.com/reportabuse?report_abuse_type=Z&u=HyFKYxHauV4WtktAxuoaVw
曾鎧琪 AliSon Tsang, https://www.youtube.com/reportabuse?u=gO9YzGNyMn5qSKIUX7ZenA&report_abuse_type=Z
HKG報 HKGpao, https://www.youtube.com/reportabuse?report_abuse_type=Z&u=p1Y_N-FSsuYJ9UUBO7vWGQ
黑超哥, https://www.youtube.com/reportabuse?report_abuse_type=Z&u=bSj5vM3ctjI7_OaKckMqDQ
Chong San 沖先生, https://www.youtube.com/reportabuse?report_abuse_type=Z&u=sGqE-IVUCwyyi_WRsvVLJg
李梓敬 Dominic, https://www.youtube.com/reportabuse?u=G6WtLOTXySl1terUhQYWCA&report_abuse_type=Z
肥仔傑, https://www.youtube.com/reportabuse?u=IIwLX8REayuH-sNLf8c-3A&report_abuse_type=Z
政壇新秀, https://www.youtube.com/reportabuse?u=IV3Card7sB1UHLLG8gWNUQ&report_abuse_type=Z
高松傑 - 小小人物做小事Jacky, https://www.youtube.com/reportabuse?report_abuse_type=Z&u=nFK08kffRihclBZHWgfbXQ
小马识途, https://www.youtube.com/reportabuse?report_abuse_type=Z&u=kO4xzcz9g6XJbcqEzfOqjw
大樹與木頭 ‧Y2K Channel, https://www.youtube.com/reportabuse?u=FfLWSnUCblI4Lpsph7H1lA&report_abuse_type=Z
人間有澄, https://www.youtube.com/reportabuse?report_abuse_type=Z&u=hsweFvHEManjCQruTQZkVA
Penny Sun, https://www.youtube.com/reportabuse?report_abuse_type=Z&u=UzvocFh98k_Uj2igiLXHDQ
Soapbox HK香梘劇場, https://www.youtube.com/reportabuse?report_abuse_type=Z&u=kpEyjUMcrGuJz4j2HB0VUA
陳穎欣Joephy Chan, https://www.youtube.com/reportabuse?u=vlBe-TQfjLFINSSYQt9Tjg&report_abuse_type=Z
小马TV, https://www.youtube.com/reportabuse?report_abuse_type=Z&u=Tm6y67OtLNpYONtVi0Y2nQ