0,1
苹果日报被自己人割席？華記正能量FB第2次被关！（20200105小马识途）,zgY2hDHsgSA
華記2月15日直撃報導，日本口罩剛到香港，今日Part 2用行動代表言語，去市區垃圾站派口罩😷給前缐清潔工人，希望香港各區人士見到工友送1-2個新口罩給她們，不分顏色，不分彼此。非常感謝🙏,PtWHXwAxprE
笑爆咀電影系列（三）之「瘟神 - 立會選舉泛民勇武講數版」,P6tWjZsqJ_o
華記2月18日直擊報道，籃營KOL被封殺，大衞Sir，高Sir，華記團結正常人聲音，反對派教人点投诉建制KOL，原人是籃營KOL把泛民議員的所作所為揭穿打開真面目，照妖鏡無所遁形，反對派心虛,q5ptj1nXhKo
政壇新秀x肥仔傑 Phone-In直播 網友買口罩被民主黨攞個人資料 ｜黃之瘋10萬口罩 😷｜ 護協罷工,c6Td8oWSr3E
【男友大改造💆🏻‍♂️】賈大夫竟然去電卷髮⁉️超高分車仔麵，OpenRice係咪全部都打手🤔試食麥樂雞新醬，難食到崩潰🤮,mqgDiQ9hZ7o
American IMPERIALIST Hong Kong Bill,pWhnwCxSQcY
笑爆咀惡搞廣告系列（三）之「問米篇」,C1H5pVM4FCU
【黃媒不會告訴你的真相】踢爆美國借疫情反中 居華廿年外國人：美國H1N1流感更嚴重，但我不見人仇外反美！,FGfw7Mb7V6E
【社區揭露】反對派又抹黑 幫婆婆開鎖變呃簽名｜Y2K 穎欣&泳迦｜2020.01.15,p2Ly7tgeVLk
【黑超哥周圍遊】年三十車公廟拜車公 為香港求籤得解籤人陳天恩居士解籤！,gvDzcUKgO8c
不要費心費時做無用的口罩 . 中間的靜電紙才是關鍵,6OjvELxuY4E
【大踢爆】媒體隱瞞你嘅武漢肺炎真相！武漢肺炎四大誤解！ 20-2-1,jEZSZN-JKKg
醫護偷口罩【有片】，1個月用5個月物資！？罷工逃兵下一波行動｜Y2K 大樹與木頭｜2020.02.08,EqbSwOpOLP0
年廿八 洗邋遢 蔡英文快啲嚟香港攞返啲用過嘅避孕套,KluW2Yl9wTg
愛國愛港聯歡晚宴 葛珮帆撐場 90後靚仔睇唔過眼鄭麗琼無賴霸權 一啲民主精神都無,u03RIZWY9lM
街頭實測！幾多人冇戴口罩？😷即場派口罩俾路人的反應？接受/拒絕？,dM3zoHwOmR4
你是香港人還是中國人？英國與大陸、生娘不及養娘大？｜陳怡 ChanYee,1XMCRk1WNRQ
社區情真｜Angel支持穎欣 20191118,NK0b9UwpC8M
20-1-31 丹麥辱華拒道歉，話言論自由係傳統？丹麥有冇打壓言論自由？美國流感8200人死，同埋年初二被私了「武漢」男子，原來係香港人，媒體通通唔報道？,Grvq-gywNEI
請支持1號陳穎欣 20191024,qWMbobhoEfk
2019.12.11 公職月入8萬蚊？,WzGFhKjr70s
社區情真｜陳太支持穎欣 20191104,FyeTB4Kr-Hc
肥仔傑 x 政壇新秀 x 何志光 Phone-In直播,00Rr3Bs4PWA
全身拉筋操（入門版）｜運動人生 EP1｜陳穎欣Joephy Chan｜2020.02.16,TUkRsbXc2b8
黃秋生缺席 深黃利君雅單挑何君堯 何志光鬧爆黃媒顛倒是非,bUmSNZhsIlQ
"抗議油管無理滅雙何聲！政治揭露#240b 訪問何君堯/此片被删,已重新上載, https://youtu.be/4Yd-hRnCwak",2UNOKdS6JuU
藉李文亮醫生去世造謠抹黑 外國YouTuber理性分析 擊破流言蜚語！,9RmMlyYEABM
如何在家做燒茄子？🍆 燒烤店必點美食😍 觀眾超高詢問度，簡單食譜💜！How to BBQ Eggplant at home【料理星星#24】,L48oXAdXoLA
Are You COMMERCIALLY VIABLE Enough for YouTube?,65Me-NeiNc4
方艙醫院生活,EyogCpkHMsQ
台灣大學驚現連儂牆、[肚餓慎入] 寧夏夜市瘋狂掃街、聽國民黨分析選情 | Y2K遊台2020 | EP2,UMtXyH5wOXI
醫管局員工陣線大起底: 港獨組織扮工會,SKBa6WIIGic
工會是什麼？幾個人就可以申請？工會申請好容易，點解?,MjDdCzf9fXw
【黃媒不會告訴你的真相】不捨兩兒 強忍淚水 醫護自願到武漢抗疫 向逆行者致敬！,wF-Q1u2f6dc
香港人如何看台湾？台湾和香港有什么不同？小马 X MAN SIR (20200211男人帮大联盟),XeWGVlbed8k
【還原真相！】廣東立緊急法 實情係點？ 拆解媒體am730、蘋果、新唐人、大紀元點報導？,kbfqZ4WQDi4
何志光 梁思韻 肥仔傑#2一周大事（2020-1-31)要求緊急法抗疫！政府不把口罩存貨先派給市民理由？建制又被抺黑！,C04DF3x_0wQ
為什麼社運開始衰落？從連儂廁、飛機圈看到香港人根本沒有革命情操｜陳怡 ChanYee,hBkbOUldBHQ
元朗YOHO事件＋黃色經濟圈可以有幾霸道？又收到文在寅的信🌲｜陳怡 ChanYee,XHF0b_Iu5-o
"中美爭霸#111b 解放軍實彈包圍台灣: 台趁疫情搞事找死/土敘交火互有死傷,一帶一路中斷? 20200213",ICGcciGCtWk
暴徒中環襲警 大型媒體引導思考 細媒配合老屈 拆解毒媒黑記扭曲事實 轉移焦點 淡化事件 漂白暴徒,7LaLUkcH77M
三峡大水坝变形和湖北阳逻居民抗议中国市政府真相（小马识途571期）,NVWsVvn_lrs
肺炎 街訪 | 情人節前夕旺角訪問！你點做防新形肺炎措施呢？去埋帝京酒店同北京樓,5VvZVeZ_u4A
郭家麒片製造撕裂！國家是這樣控制疫情 受到美國打壓情況,G4v5PdEQ-iM
國際奇聞: 香港醫護喺打抗疫戰嘅時候罷工,Yw153p3YGHY
大衛Sir午間直播：和Albert Ip葉佬傾下偈20200213,l8_dU7kwswk
投下關鍵一票給理性．建設．反暴力 20191124,N9Yeu8g59ro
✖️You Really Don't Understand the West,I1Jnso4v3lw
20-2-10 葉劉出招，逃兵醫護，將走上末路？究竟係啲乜嘢招？ 罷工令病人權益受影響，邊個要負責？,-q0_p6jrClE
星火同盟呃錢買私人產品，踢爆後反屈警方抹黑,1eUq-Odx2m0
賊王季炳雄放監返美國，重溫香港警察精彩擒賊史｜Y2K 穎欣&泳迦｜2020.01.17,fG_vaJFNq3E
20-1-22 一哥鄧炳強 KO 荃灣黃絲區議員實錄！,UyX2SDrdfEE
黑醫護罷工對話流出｜收太少錢 不願為港人賣命｜醫護人員罷工｜【肥仔傑．論政】,vvZ5C1WrH0E
02182020時事觀察第1節：陳煐傑—總統大選有新局面,nFLbILlrF9c
元旦遊行有人打爛商鋪襲警，民陣岑子傑唔怪暴徒阻住遊行反而怪警察？,yhom-wKYPw4
Trump Announce After 2 Week China will be in National Emergency Trade War,Xlau-BBAZjM
❌Terrorists BURN MAN ALIVE in Hong Kong,32kz1YNPD_M
Kobe Bryant LIVES ON!,P5PULeHrNS4
高Sir正能量: 封關不如封網!黑暴口口聲聲救港不如減少集結搞事停止傳播病菌吧,UWGmNdXZxqQ
20-2-15 【血的控訴】逃兵醫護罷工，導致病人慘死？點解主流媒體無報道？政府應對疫情新措施，方向正確，但中產冇份，邵家輝好嘢，陳凱欣有計？,-oB_55ylp5A
视点31:黄秋生Vs何君堯 世纪之战 （20200114小马识途）,9Kb7w5HDYUE
強烈要求政府嚴懲偷口罩的醫管局員工!,1WNVI-1f3mc
"華記2月9日直撃報導，連登仔靠害海港Sir,所謂 人間正道是滄桑、定係塞翁失馬焉知非福？ 首先今日主角是一位忠肝義膽的香港警察「海港sir」 事源一位警司，送口罩😷寄去武漢，出左微博觸動警隊嘅神經線",i355l5CyrAs
高Sir正能量: 華記高Sir等一眾KOL勤派口罩給基層❣各自用心用行動服務社區幫助有需要人士💖,d4pMLb5Bh5I
【社區揭露】揭G瘋最新搵銀路數，買罩屈捐款搞到YC呱呱叫? 反對派議員又喺地區賣漂水謀利??? | Y2K 大樹與木頭| 2020.02.13,21i5RzgC6H0
20-1-29 黃營瘋狂抹黑，政府對抗武漢肺炎新措施？【有片】肺炎假新聞大踢爆，市民點分真假？,LkpPpmkTKLU
疫症當前黑心醫護仲搞罷工? 有啲高官仲想等娥姐返黎先做嘢? | Y2K 大樹與木頭｜2020.01.24,jAsAiLlonzQ
黃色經濟變黃色霸權？入圈才是噩夢？黃店開po 爆大鑊！,zmORYEfYlbI
踢爆蕭若元為咗搵錢扮黃絲 老屈李梓敬、何志光反映蕭若元人品低劣 揭露蕭若元同建制關係密切 為咗賺錢可以去到幾盡？,x0oXsA8rGFw
桂花馬蹄糕教學｜歡欣社區｜Joephy Chan 陳穎欣,lAFhCUX_3KY
02202020時事觀察第2節：梁燕城,UA_xF0gF3zI
香港人不认自己是中国人，身份认同导致反送中反逃犯条例？（小马识途557期）,W2FHcRjEtYg
"4分鐘：看清這個組織 黑醫陣線！3個重點！乘人之危,比病毒更悪毒！",dkDTGx1MIS0
【一週減肥挑戰#05】一個月減左11磅👏！戒澱粉質超有效？拒絕白飯麵包❌南瓜當飯食，超難頂！😫,QFG51hnGuic
海外華人齊心撐武漢 為抗疫英雄打氣 加油,_rvPKSKHDFc
❌National Day Riots SHOOTING,olRInveFejg
"反击蕭若元! 香港是全球华人最荒謬的地方, 8问港儿, 你妈到底欠了你什么 （小马识途555期）",wIw1qvQKQKM
🎤🎸祝大家人日快樂健康平安,SDKDuCso7lo
"財經揭露#11a 大6逐步復工,做淡很危險/ 20200220",hHLhxxqf09U
大年初二 香港中籤｜肥仔傑在內地 分享防疫經歷｜【肥仔傑．論政】,7wif2rXx0t0
4分鐘：住美30年，今天國難多少人想中國倒？看 美國面對災難！有學習之處？,1wFx44kcKXQ
黑醫工會副主席 入隔離病房害人？｜政治行先還是真心救人？｜【肥仔傑．論政】,B2ceiA8VL9A
COVID-19：2 月 20 日信息,mW59pc_5kdI
【陪我過一天 A day With Me！】實測IG理髮店伏唔伏💇🏻？挑戰曲髮造型！銅鑼灣泰式美食，超正咖哩三重奏🥘🤤,x85iviaMiyc
HKTV mall 好人一世平安， 口罩最貴賣1899蚊一盒？,rKC3wwBGjLc
【黃媒不會告訴你的真相】華記親赴垃圾站 免費向清潔工派口罩　感謝華記 齊心抗疫！,CrBcJJfHjYI
美國再封殺華為：特朗普的自私？16項 新指控！,uLRdH0kLxS0
20/12/19第一集(共三集) 大埔年青通緝犯開槍被捕引發騷亂,nKOEIDoWEyw
大衞Sir歡樂今宵情人節直播：【必睇】神秘嘉賓：華哥及何議員。20200214（廣東話）,Pep4-s2mkgs
3分鐘看：黑護罷工 由開始 到崩潰！當初高叫救香港，現在露出 真面目？,DU0jWLR2wXM
【防疫措施】約見林鄭月娥提出建議,RBGtGHhdwOU
"香港反送中游行人数真假背后阴谋,萧若元回应小马附上字幕版（小马识途560期）",xlU---Ur57U
❌GIZMODO SLAMS CORONAVIRUS DONOR,tjdQUU2eYr8
香港的聖誕節🎄：想搵深黃女朋友＋施安娜事件UPDATE🐙｜陳怡 ChanYee,7c0yDdu_CDY
大陸政府對香港人的真相＋餐廳要藍轉黃先做得住｜陳怡 ChanYee,zauDHXgDkm8
特朗普 發表講話：5個重點！美國 認低威！？希望 中俄幫忙？,SW23kLKfmq0
黃色飛機圈：食飯唔駛錢，兼送$500蚊！｜陳怡 ChanYee,Fa8X_aUxHTo
佩洛西：中国用华为输出数字专制，傅莹反問：民主制度 是如此脆弱吗？,5CeZEaxecHg
不畏打壓!請廣傳 ! 高Sir首隻國語作品全球發佈!以歌傳愛~再次為武漢加油!,-aRMj0437oU
"中美爭霸#110a 中國抗疫誰落井下石,誰雪中送碳? 恩仇必記！好壞國家逐個數 20200210",QuiedlV7I4M
林鄭月娥暂缓逃犯条例修订，香港大学学生会告全港市民书 反送中条例 小马识途548期,Cnp3Lz49EDc
私院收公院價 為醫管局病人通波仔👍👍👍,m9sM-XqBDZY
前特首 梁振英：醫護罷工是學 英國工運？不要怪責 醫護罷工？,ERRXib4_O8c
【9萬訂閱Q&A💬】結婚生仔👶？點解搬出去住？如何面對haters？賈大夫竟然哭了😱？20個觀眾問題！,wL2fG-BkrfE
❌CORONAVIRUS EMERGENCY,GNKgXhwQiYU
香港和平力量聚會,Pazw6nDu_cA
陳怡和何志光香港本土力量 发生什么事？（小马识途568期）,bWzDgMS2JlI
醫管局口罩不翼而飛 背後原因你知嗎？｜陳穎欣｜【肥仔傑．論政】,jni579cHOFE
大衛Sir歡樂今宵（2）：香港阿慧、香港皇三子、香港余道、香港九十後Peter、香港吉Sir（自彈自唱）、香港Peter、石太☎️ in 20200215,1CHNu-mQd3Q
肥仔傑x政壇新秀 Phone-In直播 (逢星期二、五 晚上9:00-10:30),cPBsE4eOkXo
大衛風David Phone之深夜食堂繼續☎️ in （香港Christine、香港GIGI、香港吉Sir、美國William、英國黑超叔、香港Owen）20200220,Heg-5b5ybPk
為武漢加油 向所有抗疫者致敬 香港警嫂：你們絕不孤單！,7VyynNwc-TI
張堅庭用口罩疫情宣傳香港電視股票 狂升一天後配股 大批市民蝕到入肉 係巧合定係有內幕？,B3xGc2AOWbA
黑衣人又搗亂美孚｜原來無人支持佢地｜美孚街坊：支持警察｜【肥仔傑．論政】,ucwtQ6GBzKA
【黑超狼人殺】政界狼人殺 | 黑超哥、何志光、 李梓敬、 高松傑、 劉文傑、周潔瑩、William、陳穎欣、夏泳迦、阿新、黑超嫂、阿Fung、 Terence,lcIGX0zqbHM
【幫港出聲與HKG報聯合製作‧政時發聲牆】天光了 精彩預告,spDzQppBZVA
20/12/2019 第三集(共三集): 截查四眼妹的視頻是真的 四眼妹的樣貌和通緝犯實在太相似了 藍獅8/w頻道有新片,tyFNHWYn2bo
巧遇珮嘉有話說，有活動！到底是什麼？,NztaCLB3HeY
敬訊：罪案呼籲-最新口罩騙案🙅🏻‍♂️ 李梓敬,7lz0jBdCuck
02172020林修榮理財分半鐘 -- 慎用Craigslist,zZDVKRi5vnE
一哥出席明星隊晚宴 風趣致詞贏全場掌聲 星光熠熠齊撐警,f5re2SVK_50
*Expose YouTube BIAS* Competition,v8098de7-gc
高山流水傳千里演唱會,7sgAlQ1dPrE
黃之鋒賣口罩大騙局｜一盒口罩過數九次｜以為美國貨 其實是中國製造｜【肥仔傑．論政】,qw1vr5OVL-g
新冠狀病毒即武漢肺炎是什麼？網上好多的資料的解說.上集,zy3YQeVhM3s
身在異地 心繫祖國 有海外華人籌物資︰ 希望武漢堅持住！ 位位都是英雄！,01UN6rvs7z0
香港正在經歷具組織性的「顏色革命」｜美國如何利用香港人｜【肥仔傑．論政】,Z5xesIpgeHM
✖️EPIC CHINA: Series Introduction,Gl1bPVn81Ok
高Sir正能量: 高Sir以身犯險找出TG群主 再破紀錄1小時內發動「感謝白衣天使，譴責黑心醫護」活動,qTo7aRd-EHc
"疫情最新消息：宣佈封城！2個方法,有效滅毒！",x3EKSiwY5bc
02202020時事觀察第1節：梁燕城,_WgM95XbLvc
國民黨成也韓國瑜，敗也韓國瑜？｜Y2K 穎欣&泳迦｜2020.01.14,cZfjCYcf0jM
反擊「懦夫」郭家麒 執法者拒學黃醫護︰ 我哋唔會罷工 唔令市民失望 這就是香港警察！,WGBkNmFP68U
"港独梁颂恒认了和郭文贵串通! 林郑反送中后不辞职, 继续服务香港人（小马识途562期）",vvmVCHLmyhE
【大衛觀點】阻你3分鐘，黃藍很重要？20200219,E5E1kwl1CKY
What will Lee Kuan Yew' think on HK Medical Staff strike? (Little Pony Knows The Way 20200204),JeRprD7ZZjk
雙何論政#1 何君堯議員&何志光談：市面炒賣/黑醫護罷工/疫情問題，緊急法係唯一解決方案？,Bcxc6eCo9q8
❌Coronavirus TIMELINE,kO5EXjFKE7U
華記2月12日直撃報導，今日用行動代表言語，去市區垃圾站派口罩😷給前缐清潔工人，特別鳴謝各位網友支持！非常感謝🙏,BH5_DzhwTOo
COVID-19 . 時間線：2019年12月,hivYAornsNk
"请叫它新型冠状病毒！華記正能量Alex Yeung channel, Man Sir, 小马识途,满能量 Moonergy Moon CC, 小楠NY 5人联手！",798Xk8G72IQ
I Support Hong Kong BASIC LAW,vmXH2YW04tM
帶你直擊「肺炎一號方」生產過程 中港齊心團結 戰勝無煙硝的戰役！,EsxzNIeE4QQ
黃絲虐狗 企圖反屈藍絲虐狗 核爆都唔割口號自打咀巴 如果唔係知道自己做咗衰野 點解叫人唔好割蓆？既然知道自己做咗衰野 點解又成日覺得自己正義？黃絲根本有嚴重邏輯謬誤及精神分裂！,4pLWuGtl38A
廁紙M巾都要搶 踢爆黑暴的謠言散播｜散播謠言罪｜【肥仔傑．論政】,EBFX0SkiTds
黃絲婦自爆武漢人　黃記即彈開三尺 說好的不割席呢？,43eHZber51E
【疫境中的愛情故事】 95後護士隔著玻璃 與男友互訴衷腸 感謝前線無私奉獻！,FeZF1PTwoPM
後生仔撲口罩送街坊👍👍👍,tDRAuDyCZ08
點樣說服身邊朋友，由黃絲變藍絲？Allison 親身經驗大剖白！,LB20U5rpEyM
疑因渠管接駁不善 長康邨接連爆感染 民建聯陳恒鑌同你睇真啲,xJM0oUtgOEM
20-2-14 逃兵+黑暴，狂放炸彈，製造醫院恐怖？醫管局沒收口罩，打殘玩嘢醫護？連登網兵發動投訴，想將我封台？,yXpLNi-0CMo
病毒应该发生在中国？（2022020小马识途）,eJEHgiF8AMw
大衛Sir歡樂今宵（1）：更改檢驗標準的好處／停課背後見微知著：教育、醫療、社區、法治／☎️ in（香港吉Sir、馬來西亞譚小姐） 20200213（廣東話）,UESOsr_bBgs
華記2月18日晚間直擊報道，佐敦發生珠寶劫案，昨日打劫廁紙，今日打劫黃金，反對派-「牛鬼蛇神勇主」（解讀）星期日中午12:00沙田龍華洒家開心齋宴,bKReDUMFAzE
【武漢肺炎】盲搶米、搶廁紙、搶口罩｜陳怡 ChanYee,Te_c8XtYRfk
20200217【最新】華哥、高Sir、大衛Sir齊撐一哥，推123大行動！吃餐飯，講兩句點會有問題？（廣東話）,aXr7wli9lcY
第92籤下集，即係點呢？大揭秘?有無理解錯呢？,XiDP55odOKw
大衛Sir午間直播：我們都不是專家？感謝加拿大Georgia 的有用資料20200219,yfDTY4wNQmM
20-2-7 逃兵醫護，罷工要脅失敗，【有片】市民鬧爆，進退失據，面臨炒魷？,_vg-Yinvx1Q
正義之聲浴火重生 周浩鼎呼籲撐HKG報2.0,SzbBw8mZ1E4
高Sir正能量: 臨時演員都係演員❣世界級演技呃哂有智慧的香港人🤭,ceoy-xYoDXg
香港人最新的煩惱: 排隊買口罩 買布做口罩,EyQpK7q79Bg
新冠狀病毒還含有其他病毒?係人造?點解會有HIV 艾滋病源？不似自然形成的病毒原因?下集,_0xouq1ET08
拆解陰謀論 Part II 揭露西方國家最先發現新型冠狀病毒｜Y2K 大樹與木頭 @有仇必記- 何志光頻道 Ho C K Jonathan｜2020.02.01,kOLiboPQR-s
1/4 撐警已變成不道德行為 轉做賤人先去楊明 燉-養生食餐飯 我就是該工廈的職員 我說是就是,92SIaDO8Zg4
經過兩年的考慮，我們還是分了......💔,ASgNRJHOcYA
2020年第六週美國每周流感監測報告,-AJS9mWS694
盲搶「 炎」，最後益咗邊個? | Y2K大樹與木頭 | 2020.02.06,4ZgkgfhFuw8
"不撤回反送中港独不罢休, 逃犯条例暂缓和撤回大不同, 林郑月娥道歉会上流泪 (小马识途554期）",u3viu-DNmdI
倒數10萬訂閱，KOL100 你問我答！,G2evkKSUXyk
笑爆咀電影系列之「邪教威龍」,KJzGfRd97yo
新華社【香港市民街頭快閃 為武漢加油】,AO47eMnZgoI
4/4: 漫畫世界 [原來是這部份有問題!!!!!!!!!!!!!!!!!!],sOjoqSfpJlk
COVID-19：2 月 16 日信息,B1LGjXX2cnE
財經揭露#10c 樓市有什麼理由樂觀? 20200212,SWGZIpHCGRs
華記2月19日午間報導(Part 2)反對派租客恐怖襲擊業主的一個單位，反對派質素嚇死人。 一位學者教授解釋香港暴動的來源，非武裝暴力的真相掛羊頭賣狗肉，過去1百年中國從來沒有侵犯其他國家,HxCXFmX82sQ
黃色經濟圈:黃藍大角咀 不在黃藍地圖內的大角咀美食,uOPXgs-e9nA
政教論彈#214b 申命記邏輯與何西阿書耶利米書一脈相承 20200215,9Njtj0lqVSc
政壇新秀 x 肥仔傑 x 何志光 Phone-In直播,pnTfszbcmyU
【議會監察】一哥1個打17個，反擊低質議員提問，堪稱警隊最好公關｜Y2K 大樹與木頭｜2020.01.23,rYecNgnbxSo
為何香港人咁易被洗腦🧠曱甴是怎樣鍊成的？｜陳怡 ChanYee,FAOX2uE2mw0
Y2K陳穎欣 x 政壇新秀 x 何志光 情人節 Phone-In直播｜Y2K 大樹與木頭｜2020.02.14,NBR5cfmhMKA
02-18-20 星島中文電台 左鄰右里,LXmPFlzgAKg
邊個製造恐慌令市民瘋狂搶物資？新型冠狀病毒喺呢個時候發生係偶然？大陸工廠停產對香港人生活有幾大影響？,IC_qwxZSyeA
醫生朋友寫的信：為他驕傲!唔係叫做 生死籤，嗰個係叫『當更表』！,rkfCNcobE4c
自己告自己，是可以的，,RD_n10xwefk
荃灣 Donki終於唔駛排隊了,R38kCmM6GoQ
華記2月15日直擊報道：開箱日本口罩剛剛空運到香港，大阪寄空運用了18日時間才能到香港，相信很多人陸陸續續會收到之前在日本寄去香港的口罩，郵政局派信回復正常，另外2月16日忘不了聚會已經爆滿,7QEqqdAxFy8
遊行主辦單位煽動群眾打警察？２分鐘：警方回應,GaYMbTQrljE
02172020時事觀察 第1節：余非 -- 在疫情風浪中看中國與「國際」,b-r-0ax0SDw
政壇新秀x肥仔傑x何志光 Phone In來電直播 | 世界夢號 葉小姐親証郵輪內部情況,MisvQvEGUxE
郭家麒屈警囤抗疫物資 執法者逐點擊破流言！,5XTZm0QI9Rc
"財經揭露#11b HSBC步入衰亡?/金價升歐元弱,美國貿易戰攻向歐盟? 20200220",je3k4FfcRS4
政治揭露#235c 黑議員要製造社區爆發/毒果方向齊撐黑醫/張建宗口說遏止謠言/檢疫中心隔離遠勝家居隔離/將軍澳暴動繼續玩 20200209,aFiYfaxs4zs
陶傑要做好榜樣 在家自我隔離,SCBiO5ps_kA
"男人幫大聯盟馬來西亞站首播！華記正能量，滿能量，MAN SIR, 小馬，小楠",R9kHYMiejK0
林鄭月娥約見- 見後感,WfnYjHvgfpI
我的健身日誌 Day 1 - 堅持總會做到,wwPfPJk14WE
"撑警队! 香港还有得救! 630游行,谭咏麟,梁家辉,钟镇涛为什么站出来 （小马识途563期）",392zTuYXTLQ
【初次煲湯就上手？👩‍🍳】白雪雪超濃郁！魚頭豆腐湯🐟＋腐乳通菜＋辣椒炒通菜桿🌶 Fish Head Tofu Soup & Stir Fry Water Spinach【料理星星#23】,9--gXJnyz7I
I’m Not Supporting HongKong Police Anymore(20201201 Little Pony Knows The Way),AL39ofmALUw
李梓敬何志光慘被「銷藥員」老屈，蕭若元VS陶傑鬥人渣｜Y2K 大樹與木頭｜2020.02.04,LKEuyToHpmE
3/4: 唔該區議員幫手收衫,Nh8_t8JvJFA
星島網絡高清收音機網絡設置指南,56XD1EyHDH0
深圳團年假，此店仲可以變身😅,9DPCXiVLofw
民主黨帶頭與地鐵大和解 藍色獅子頻道有兩條新片,xSkNuTMsCDc
【獨家】何志光向工聯會謝罪｜專訪KOL何志光 Part 2｜陳穎欣 Joephy Chan｜2020.02.03,mMDYdg7O0Dg
香港何韵诗在联合国演讲都说了什么？(配有中英文字幕) 小马识途翻译团队呈现,nz-WQfoUpDU
拆解傳媒喺疫情上有咩陰謀？醫護罷工係為咗防止疫情定係因為仇中？燒隔離營係反政府第一步？,P9fTWefjB4w
【社區揭露】揭反對派開會又鬧，唔開都鬧？！成功爭取G瘋跪低刪po，街坊團購口罩騙局最終章｜Y2K 大樹與木頭｜2020.02.09,98tbQyV8WVc
「高質」港人又誤信謠言，盲搶M巾廁紙？黃營新一輪假新聞陰謀，應如何對抗？20-2-6 (嘉賓：陳穎欣),hK3NuGvmpCE
02132020時事觀察第2節：梁燕城,Xb-X6q38mR8
20200213護士總工會抵讚👍（廣東話）,J_0M8GVu0G8
大衛Sir歡樂今宵直播【必看】：什麼是真正朋友？什麼是家人？／☎️ in停不了（香港MM、香港Samuel哥、香港17歲伊利沙伯（1:27:10-1:59:00）、香港Wilson） 20200218,-JQAGUGxsFU
笑爆咀賀歲片之 「唐伯虎打曱甴」,allmN46kSWA
過去香港的修例活動影響如何？真相,hpfRBJ1O_fY
梓敬終於突破10萬訂閱！謝謝各位網友支持！,XdwXhAbERwI
15白衣天使集體落髮 今馳援湖北抗疫 致敬最美逆行者！,b4QlrsimII0
大衛Sir午間直播：感謝中央協助滯日港人回港／專訪：師奶的故事20200218,SSnMvWeyGeQ
"黄之锋出狱 林郑月娥不辞职, 香港会有比616更大的反送中游行(小马识途552期)",PwYCx6AGm4c
黑衣裝修TVB廣告客戶＋我曾是一個大黃絲⋯⋯｜陳怡 ChanYee,_mO5UsgGTVg
華記2月11日直擊報道 繼海港sir用烏沙擔保送口罩后 支持何律師推動23條，大丈夫「有所為、有所不為」 明知山有虎🐯 偏向虎山行🏃‍♂️ 何律師說得好！👍👍👍 一句「只爭朝夕」非常啱我華記,mQLyX9rGjmE
誰是女神心目中的警隊最大男神？😍😍,eNfh-vStY34
今日去醫院睇病 醫護冇曬效率！賀一誠果斷決定全因澳門融合國家（中文字幕）,rnhyVgqCZt8
警察學院傳揚大愛 拍片為武漢打氣 中港同心 攜手抗疫,u9W7Q4oum3U
輕鬆廣播劇之「18樓唔知邊座」第二集今集主題：《網傳口罩送大陸》故事大綱：網媒＜香梘新聞＞幕後有一班騎呢Admin,xXdmBEB2gtA
黑暴割喉香港人！即時作 假新聞 假故事！破解謠言！ 防止抹黑！,sB8TWH3gl7k
全球採購皆不易 盾牌口罩負責人拍片示範 呼籲市民三日一罩 請廣傳一齊參考！,FmXJ6BbNi9o
華記2月6日午間報導，KL收到專業醫護人員外科醫生口罩，華記要說「多謝」！「多謝晒」！非常感謝大馬super star的損贈。無言感激😭😭😭 贈送口罩給香港市民🙏🙏吉隆坡目前真係一罩難求,cwc90VSTf_k
高Sir正能量: 錢唔係萬能!派錢不如派口罩和助中小企!港澳辦人事變動，唔講得小,b_cje3YbQwo
爆料! 香港反送中疑郭文贵和梁颂恒一起策划片段流出！（小马政治揭露第1期）,fxVGdlhna_c
【搬屋日記#4】貓貓Cafe客廳🐱？超簡單！自己組裝貓架，貼粉藍色牆紙💙丨終於帶肥仔返新屋企啦～🐈,FUeqp6SDHUc
深圳試youtube,pYiig0-J7JI
02182020林修榮理財分半鐘 -- 退休儲蓄限額增高,6kZv3KH5rYY
大踢爆！黃絲區議員為我哋做過啲乜嘢「好事」？,wkNpDUu12Yo
政壇呻獸 #4B丨放炸彈，恐嚇政府完全變質丨勇武黑暴升級已成恐怖分子丨 陳凱文、肥仔傑,-YMh73sVXZk
警隊一哥與明星飯局被揭發， 全民怒抽一哥水！希望香港人唔好太善忘！黑超義工隊正式成立,JQNOQUyqFwE
（國）菲蒙市長高敘加 支持彭博主白宮,l-I9XmUvQPY
朱偉星醫生 梁思韻 前醫管局醫生疫情數字如何解讀? 真相公開 | 美國流感VS新型肺炎 | 從沙士 SARS 看今日疫情【政壇新秀】,2-8mJCydu1I
封關偽名題，醫護真逃兵｜Y2K 大樹與木頭｜2020.01.29,O1NoyaBer_U
高Sir正能量:土瓜灣一間良心藥房瀕臨執笠堅持不抬價，演藝文化界無工開就嚟倒閉無飯開! 政府可以做啲乜?,lgqPwYzzCt4
睇下火神山醫院！中電派$200飲茶券！,m2AMQXZQ0sE
✖️US - Iran CONFLICT,JsLrlz8GsUE
香港暴亂墮落，內地騰飛，香港人在內地成功實錄！發展+生活如何？咁發生乜嘢事？好掂？,YZ8Q12Qnn4Y
【黃媒不會告訴你的真相】巾幗不讓鬚眉！ 傅瑩串爆佩洛西：西方民主制度這麼脆弱？,sYvk7V4AOiQ
社區焦點｜麗閣商場及街市的最新消息 20191112,MgtQoExfcxs
何君堯議員 立法會精華：社會正被癱瘓！反對派 為何大行其道？這時代 破壞勝於建設！,9IC1JpZPZzs
"黄之锋, 你错了! 还错的离谱! 香港警察，我们挺你（小马识途558期）",EHMoLmXbJ8M
何志光 梁思韻 #1 一周大事(2020-2-7) [政壇新秀],JfT1Ug0TfOg
✖️Hong Kong Bracing for Riots,yUGPIeE9kMc
那些名字不能忘記 致敬離去的抗疫英雄 一路好走,C8-QyLyeoH8
政教論彈#213b 申命記與申典歷史簡介(一) 20200207,4gm5rUlQmiw
【有片】反擊蕭若元老屈我同何志光！背後陰謀係想我哋封台？蕭若元亂噏實錄！20-2-4,44mlv00U-po
❌BBC OWNS Hong Kong Separatist,6htCrgVKVe0
大衛Sir歡樂今宵（2）：世界開心直播☎️in ！吉Sir獻唱：Words，一流。（香港Windy、美國Annie、吉夫人+吉Sir、美國Robert、中山方先生） 20200213（廣東話）,DnNTL2RaLk8
藍店好難吃？連登：鮮奶花膠「好L多味精」😂 TVB藝人楊明燉湯店，黃藍經濟圈💙？丨ft.帽哥Basa,HVMhSlBCoKU
華記2月16日直擊報道，亞洲各地最新疫情，日本郵輪大爆發，黃6醫生歪理郭xx，華記龍華忘不了約會，大家高度戒備狀態，防止病毒感染，正常人聚會，特別鳴謝森林哥唱歌及各位籃營KOL出席支持，銀龍Kate、,Cyd0G5irUS4
大衛Sir歡樂今宵（1）：【必看】有人好番，出院啦！🥰恭喜恭喜＋☎️in（香港MM、法國CC、國內雪球姐姐） 20200212（廣東話+普通話）,04HYeJwFAOY
【一週減肥挑戰#06】吃素可以減肥嗎🥬？（崩潰）噢～我再也不想吃菜了😫,qEh6pkda1QE
❌The TRUTH of the Wuhan Coronavirus Doctor's Death,b-Fy80yHYQo
黑超哥為鄧炳強抱不平 勿忘一哥平亂功績 私人聚會講嘢都冇自由？,dW3UHI6v9mA
笑爆咀電影系列（二）之「毛孟靜子私了」,jUHlRwOsshE
肥媽契仔陸浩明(6號)因一句話被黃人批鬥，落淚跪求原諒？明星同一哥食飯黃兵又要玻璃心+TVb近期積極爭取摺台收檔？咁抵死？| Y2K 大樹與木頭 | 2020.02.18,TJPqlHVoHpI
"香港200万人反送中 中国政府对逃犯条例立场,616林郑月娥道歉（小马识途550期)",hXYGimx1JS4
文化差異無阻疫境同心 日本松山芭蕾舞團：我們愛中國！武漢加油！,Kh6eVhjm2P0
笑爆咀唐伯虎系列之「唐伯虎數臭曱甴」,b3f4i6iRoCI
對事情瞭解得夠清楚，人的心情便不會受困擾，恐慌，或 「槍唔會殺人，只是開槍的人」,7ofA3XX0E1w
20-1-26 鎅刀殺警男，被改控企圖謀殺，案情有乜新進展？快必被捕，究竟佢今次又衰乜？武漢肺炎嚴重，香港有人趁火打劫，邊啲人咁可恥？,sqvtryA2sMM
郭家麒辱警 老屈團積｜數據曝光 逐點擊破郭家麒謬誤｜森美事件突顯YC雙重標準｜【肥仔傑．論政】,de3Q9YbKOzY
何志光 梁思韻 肥仔傑 #3 藍媒慘被FB封殺真相,2-JB3AxDJlI
【聲援武漢】肥仔傑深情剖白聲援武漢｜武漢平安 中國平安 香港平安｜【肥仔傑．論政】,eCe70q3iB-M
Y2K拜年，我哋最怕嘅拜年問題，年初一五大禁忌｜Y2K 大樹與木頭｜2020.01.25,ALeuKPonVE4
［澳洲新聞］一家五口 全部命逝,ikIyBK9pKKc
【肥仔傑．抗疫辟謠】第一集．2020-01-30,RGyvYgB8X10
天水圍夜擒黑衣人 警察好波！,9OHQkhK8Ltg
疑似疑似醫護偷口罩,sEtDilJD2Bc
何志光 梁思韻 一周大事#1丨黃痴瘋世紀大騙局【一晚9次】😷 重覆訂購賺2億？識呃當然呃自己人！,ijbN52KR6G8
世界再次走向極端？美國民主黨總統初選！奧巴馬的擔憂！特朗普 終結的開始？,lrrhU_36pSw
第27青年快閃清潔不言倦 繼續在各區清潔煽動罷工文宣 @深水埗,qxITm7gDNRk
20-1-21 721半週年，勇武揚言：「元朗今晚有大事發生」？外國研究指出，香港警察可靠度，世界第6，遠超美國，媒體點解唔報？,K1jhQUitBMk
元朗721後半年，黑暴後繼無力？ 解構黑暴新動向｜Y2K 大樹與木頭｜2020.01.22,HwP4e8dUot4
武漢 新型冠狀病毒：會否人傳人？比SARS更嚴重？有進一步擴散的風險？,1W3r6NmQrkw
華記2月6日早晨直擊報道，WKTV華記第一條片的問題，答案是日日唱衰香港的「楊岳橋」，最快答中的5位朋友你會收到口罩，稍後我哋會聯絡你，另因為答中嘅朋友太多及非常多嘅朋友好緊急需要口罩，華記希望找多些,LEMj5wnsHEE
COVID-19 . 時間線：2020年1月1-15日,S5IChrrA7P0
COVID-19：2 月 17 日信息,bR7mT6Qo8YA
【黑超飯局】黑超哥團年玩金句接龍｜肥仔傑、高松傑、何志光、陳穎欣、夏泳迦、可澄、李梓敬、Jay哥、娘娘,kbjUQoxjjXg
抵死廣播劇之「18樓唔知邊座」第三集今集內容：《泛民區議員啲口罩好抵買？市民過渡恐慌症，搶紙巾、口罩》,sH6ofMBniJA
長洲拍攝情侶Vlog💕？推賈大夫落水😈 超好玩「偽航拍」，小行星效果好得意🌎！Insta360 One X vs GoPro Hero 7 評測！*抽獎送3000蚊相機🎁,3WXBeLxkZUs
宴會或派對著乜好？點襯衫？,Q-vsjeaOetw
連登仔係中共打手？攻擊反暴力派KOL變相令粉絲急促增長,zE8shksFDjw
年夜飯Vlog，鼠年快樂🧧！公司團年飯吃日式放題？好多高級雪糕！😋（ft.帽哥basa）,_NmTPQUlwVw
林鄭月娥才是「大黃絲」？｜林鄭向黑護跪低｜【肥仔傑．論政】,GPWKWgO2XhM
中国2度阻止何韵诗在联合国演讲香港课题 林郑说逃犯条例已经有定论(小马识途572期),sKIg5gG_pbw
威爾斯親王醫院 . 較資深的醫生先舉手入DIRTY TEAM👍👍👍,Xjp6hbrClIw
重要宣布：请订阅小马TV和YOUTUBE开班！,DkBLJrqZDDM
採訪 海港sir！捐贈口罩 都可以有錯？為仇警 而仇警！為煽動 而煽動！,1Y7jNVo-Lj0
何志光 梁思韻 #1 鼠年開咪 世衛公開武漢疫情真相 ｜如何對抗港媒報道偏頗？,qvrieq8lO-s
最新香港小學洗腦教材！中國河流最髒？葉劉談海洋公園經營失敗｜陳怡 ChanYee,GpxtpFdYAsk
口罩不要帶錯，應該點帶呢？,S4eYhwhL4m4
香港醫護罷工＋市民盲搶口罩配上無能力政府＋醫護罷工＋武漢已有首批康復者出院｜陳怡 ChanYee,pzq-BZomQMQ
何志光 梁思韻 #2 談武漢疫情封關 放炸彈迫醫護罷工 ｜誰最得益？｜行使緊急法可幫控疫？,B0Jc-bQXphA
✖️Is Fascism Back IN AMERICA?,q9fd2m6su1o
黑超頻道最終也被黃色網軍攻擊！ 黑超有機會被封台？ KOL100陷於水深火熱之中!,BobS_t8EAzI
華記2月9日晚間直擊報道，新型官狀病毒最新數字香港29宗，新加坡這三天爆發疫情逹40宗，日本89宗（主要郵輪上感染）個案，唔計武漢，第一位日本、新加坡，香港疫情影響全世界旅遊業 唔會獨善其身,tuYa9X8f0BI
COVID-19：2 月 19 日信息,TN-nzqn7cTw
【議會監察】反對派大埔作反搞獨立 民政專員齋離場有冇用??｜Y2K 穎欣&泳迦｜2020.01.16,19tDgLnLz7M
朋友說心事，到底咩事？經過果次嘅約會，朋友對支持暴徒者已經存在一定嘅意見！,8G01l54AUVk
現在不同行業的心聲，現實上係點？,10NCKY8x-WY
【幫港出聲與HKG報聯合製作】疫情下的香港,4d__PJpFuB8
藍絲太有才啦！惡搞金曲 - 罷工Disco,3sjaB9N_RF4
疫情對Simon的影響！搶米是真的。夜晚已經無商店？其它地區 封區 封關？,f-R-BxgD-g8
私家醫生 . 抗疫出錢又出力👍👍👍,8POgn6ZHpT8
肥仔傑Youtube被打壓 頻道即將被刪除｜緊急呼籲大家去後備頻道｜【肥仔傑．論政】,Ck-yhJcHfDY
【武漢肺炎】香港應否封關？為什麼停食野味那麼難？｜陳怡 ChanYee,Atr5TMF9cjg
黑暴製造炸彈 竟獲准保釋｜潛逃計劃曝光｜【肥仔傑．論政】,XD-1oGk4urU
自由等於為所欲為？自由和權利的界定：馬道立大法官：公義的重點所在！,NvsYTW9AwRI
前線醫生 受感染治癒後的一段影片！絕境 共赴生死 劫後重生！,0ofHgLlYpU8
何志光黃轉藍嘅心路歷程，揭露港毒組織運作｜專訪KOL何志光 Part 1｜陳穎欣 Joephy Chan｜2020.02.02,YQ-8bE7E8ew
02192020林修榮理財分半鐘 -- 自動參加退休儲蓄計劃,vxgKPb_wRNM
神怡｜陳怡 ChanYee,7SK_RIyUKWY
用中文勉華團結同心 俄外交部發言人︰祝願取得最終勝利！ 抗疫無分疆界！,Oa5lC6FJVik
黃營想禁Y2K聲！護士揭黑護偷口罩，醫護港鐵接力罷工自己人都唔撐 ︳Y2K 大樹與木頭 ︳2020.02.13,-E0BeCNYWoc
【黑超哥Solo】過港珠澳大橋有皇帝出巡感覺 但其使用率極低,Nk3dTdBifi8
高Sir正能量: 黑網暴咁大反應看來好驚香港黑心醫護名錄🤭,T_lZJUd-D78
鐵絲網是止暴製亂 倉鼠說: 我要自由 我要咬爛個鐵絲網,9OpgSZUu9X0
媽媽放心，看看入傳染病房之前要穿幾多層防護服。,C_6QPqa7seg
"8问香港! 港儿, 你妈到底欠了你什么？621反送中包围香港政府总部（小马识途554）",3vAEAz8r6D0
消失3個月的原因，深藍扮中立？到微博取暖？為何接受港人講地訪問？被朋友背叛，與朋友絕交？,WCbnX6bZA9Y
【幫港出聲與HKG報聯合製作‧政時發聲牆】天光了 第一集 便衣警員出勤指引和監管及香港警察面對抹黑的處理方法,Fm3jjflFWMs
一哥鄧炳強區議會精華片段：5條問題及林鄭月娥的留言！,W8nVwBG6C7w
"罢工是为了救人？華記正能量Alex Yeung channel, Man Sir, 小马识途,满能量 Moonergy Moon CC, 小楠NY (20200207男人帮大联盟)",YOa-oeKQ4Og
願伸手至戰勝疫情 首爾報昔日襄助恩 援中國運物資 患難見真情！,F0orGiE4Ttw
【料理日記 Life Vlog #1】用氣炸鍋做日式炸雞🍗，口感外脆內軟！丨偽韓國Issac三文治🥪 在家咖啡拉花☕️丨超隨意台式蛋餅，約朋友在家烤肉派對🥩丨,XAsFhKgMzeY
無懼病毒 我是護士 我也返緊工 不讓政治凌駕生命 全中國人就在二月齊心打好這場抗疫戰 武漢加油!!!,ZRM1gc-cCAY
疫情下添暖 親赴垃圾站 華記派口罩贈清潔工 感謝有心人！,dhD956tSR2A
20-1-25 東區醫院有黃醫護罷工，迫政府關閉口岸？武漢「小湯山模式」抗肺炎，6天內震撼完成？【有片】,qK-YlbMSBEY
【淘寶開箱#19】伏唔伏？淘寶化妝品實測🤔！第一次買奶茶色唇膏💄夏日必梳髮型分享💕丨Google活動見到阿滴英文😍,Wff_n5xHAzE
朋友常說好好食又講不聲點好食🤔到底係點樣嘅呢？,4YBdnNtbUj8
12月聖誕陸續有來＋攬炒背後突顯香港劣根性｜陳怡 ChanYee,yHq4OOb5-Ks
8分半鐘遊歷新麗閣商場和街市,YUd8T1TRWvk
大衛Sir深夜食堂之繼續☎️ in（香港90後Peter哥、香港吉Sir、香港Ewin恒、香港陳太（兩位公子是公職人員）、香港Simon、美國William、馬來西亞滿能量） 20200219,U3E3JIryD3k
元宵佳節BBQ直播， 巧遇正義姐藍雪寶即直提問關於追擊何志光事宜！,LsDkNJgdzrM
✖️EPIC CHINA: What is China?,DexC8tbKGok
新加坡部長呼籲：不能學香港！盲搶廁紙！囤積米糧！為廁紙而打劫！,cJ2AStTdbdM
"中英为何因香港反送中展开骂战, 耿爽大战亨特, 英国外交大臣会是下一任首相？(小马识途569期)",P14w_-xf_tM
許智峯，唔係議員就大晒㗎，咪阻住阿sir做野！,wthqxR5YuQk
02142020時事觀察第2節：對話何仁,fA53M9N6TQU
由「黑衣」轉戰「白衣」 他們輸得更快了,KZqXaotQLvw
政治揭露#236a 杜汶澤口罩來歷不明被質疑囤積居奇/林鄭明說不理炒口罩/黃毓民用阿婆搶可樂製造恐慌！/黑醫罷完工打邊爐打茄輪 20200211,4g68ohiYwv0
Tommy事件＋香港成為美國一部分🇺🇸先達被黑衣爆櫃後⋯⋯｜陳怡 ChanYee,VHxiJxtGoik
消息廉價 ！真相無價！4分鐘：警察警訊：黑媒 如何製作抹黑新聞！？,ilI7jxC12p8
華記2月11日深夜直擊報道，口罩循環再用一個護士長教大家簡單方法可以把一個口罩用幾日，江湖傳聞今天內地有9家製造口罩上市公司，跌到停咗版，上海、北京限制出入境，嚴陣以待努力對抗疫情。,8pnYb35Fkmc
【黑超飯局】黑超哥團年玩拍七遊戲｜肥仔傑、高松傑、何志光、陳穎欣、夏泳迦、可澄、李梓敬、Jay哥、娘娘,A1saKGKDDks
(香格里拉酒店街访）马来西亚人过年有什么那么牛逼？,X5yrISuOPYE
產品不介紹 HelloFresh . 1/2,FORE6pEH-uc
『必看！解放軍承認病毒是中國自行研發？』 點解會有人信？ / 如何分辨網上看的新聞？ 留意！,eA0X5uCDXBU
社區情真｜Sajila Gulfareed（莎莉）支持穎欣 20191123,oDwvFrQXOsI
萧若元联手文昭 小马谈香港和中美贸易第一阶段协议！何志光离开男人帮大联盟(20200117小马识途),KmMhOL8Egrw
黑超Hit歌推介， 有沒有口罩一個給我！(純粹搞笑輕鬆. 認真便輸了),3bUJ4u91Q6c
英領門口紮營要居英權＋丟美心氣油彈＋收$8000做世界🐠｜陳怡 ChanYee,P1PNEI8Zv8U
华为鸿蒙操作系统被取代了 旗鱼系统是哪家的呢？ 生酮饮食中防弹咖啡是什么 (小马识途551期),Mz2qGTV_lM0
4日3夜騎行300公里 95後女醫生趕赴武漢抗疫 佩服得五體投地！,yn89jmJb3i4
政壇新秀x肥仔傑x何志光 Phone In來電直播｜世界夢號乘客講述船上真相,8Gb5yp1Db8I
黑護罷工 之 最經典12秒！政府硬了？黑護怕怕了？,Eqe6gnu9_pg
Does China Has Future? I'm Here To Tease China (Little Pony Knows The Way 20200116),fRDu-B8lHyA
黑護 道理講不過，就給你辱駡 禁聲 干擾！訪問退休護士,omlbEcs_jZA
七七事变82年Vs香港77游行 小马识途限量版衣10日竞赛（570期）,FzmjTfnH2ec
人生在世，有了什麼最好？,lBtn30to1ZU
"政治揭露#239a 沙田714咬斷手指,襲警無悔意判罰2,000港元/潤爆黃之鋒呃錢/TVB極速變黃/黑議員用十四五歲破壞抗疫診所 20200216",7Jv6Lwhsb9Y
政壇新秀x肥仔傑 告急!!!反滅聲呼籲,q2A-HnFOsbg
"2分鐘,警察信息：舊圖新用！目的何在？破解謠言！防止抹黑！",I-rYVFFK-nE
智商無下限 香梘製作組拆解黃媒狂吹警察殺6235人 自然死亡 屍體發現全部入晒數,Bq8CWD_tyUI
香港正義之師,1LJYDiT0iaY
89 Year-old Lee Kuan Yew's Predict On China-US (Xiaoma Book Sharing:Lee Kuan Yew View The World),pHgQ4-hj4oE
醫管局員工真係有內鬼？偷口罩？！CCTV影住！政府部門 管理不善！,3skd8d_ngSM
鄭麗琼鄧炳強＋鄭文傑斷六親＋大埔御犬舍｜陳怡 ChanYee,hOu231e4uck
2分鐘 警察信息 黃色經濟圈：假自由 真暴力！,EIoxY2v6vEI
"愛心轉贈口罩計劃#3 土瓜灣唐樓劏房戶丨save hk x 政壇新秀 x 全港社區抗疫連線（李慧琼, 林博, 關浩洋,空姐牛肉飯, 高sir)",NFsoclapo8I
華記2月16日直撃報導，大馬魚王「忘不了」開心約會，龍華酒店乳鴿聚會精華片段，支持武漢「抗疫歌」森林主唱，大家在安全情況下，做好防禦措施就可以正常聚會，勤洗手！戴口罩😷這次聚會可能打破香港紀錄15圍,Dq9lcQCdQng
產品不介紹 HelloFresh . 2/2,_y8w-nhaLxQ
笑爆咀惡搞廣告系列（四）之「變種曱甴 拒絕攬抄」,BkLhk1Y1QPQ
大衛Sir歡樂今宵（2）：超市實況，貨品充足，大家放心！讚中電，真的幫到香港人。☎️ in（香港David哥、香港90後Peter、瑞士陳太、香港柔柔、香港吉Sir亂入） 20200213（廣東話）,GPVL4qbEFTY
【肥仔傑．抗疫辟謠】黑衣無品呃阿婆｜封關影響是什麼｜第二集．2020-01-31,KiqAufgFQeY
抵死廣播劇之「18樓唔知邊座」第四集《黃營廣告商踩場》一向極藍的秋姐遇上極黃的廣告商，在公司利益與政治立場之間，秋姐點決擇？面對黃營廣告商，秋姐點應付？,XGp1E3DISno
華記2月19日午間報導(Part 1)一位學者教授解釋香港暴動的來源，非武裝暴力的真相掛羊頭賣狗肉，過去1百年中國從來沒有侵犯其他國家，近50年美國侵略幾多國家？大家要正常消費，刺激香港經濟,hzo599Dyy-Q
良心醫護，讚讚讚！,6YwkKMeBJ7w
藍營代表正義？繼續黃色飛機圈，香港人本是同根生⋯⋯｜陳怡 ChanYee,PB71ux9_Y7g
02-13-2020總編輯時間： 中國錯了嗎？(字幕版),H07E4SCwDzs
【有片】又有市民被黑衣人「私了」，差啲喪命，記者仲掛住影？政府想將暉明邨，改做隔離村，依家做乜又跪低？20-1-27,QqiJSJmk8X0
02-11-20 星島中文電台 左鄰右里,YpUBOD3dg-E
2/4 西九龍中心空姐牛肉飯 水門雞用張偷返黎嘅相抽水,lqpC5kviYiM
❌TUCKER CARLSON On Iran,GohUWjsnZPM
第26青年快閃清潔 奧海城葵芳向清潔工送口罩、清潔煽動罷工文宣,_PLkYMLdS6o
泰国枪击案：現場片段！34岁士兵射杀 长官 平民 !,ob7_-AC8lpM
笑爆咀電影系列之「唐伯虎對穿肺炎廢青廢傳媒」,1bS-oFFSmro
【直播】$1500蚊一盒口罩＋深圳灣衝關來港醫病,_ifyN8u2oGw
逃兵醫護 正式開始清算行動｜罷工不等於工會活動｜一齊清算逃兵｜【肥仔傑．論政】,lvnhq8DNPKg
倉鼠愛捐廁紙筒,2Iu8AjAYMoM
陳怡直播 22/11/2019,K19EK-6frgM
外媒污衊「中國病毒」 指得病「活該」　網紅老師拍片勸戒：放下仇恨和歧視,sGPUYpgSV4Y
【黑超哥Solo】美國不能撼動華為並點解中國5G比外國優勝？狼人殺玩後感,z-7pxz913Js
【黃媒不會告訴你的真相】中國控疫措施 外媒濫加抹黑 外國youtuber質疑：H1N1流感死人極多 為何從沒有人批評美國？,RZ-7fA1c_h0
第28青年快閃清潔⚡高Sir不慎受傷😢❣但仍堅持把昔日軍事要塞舂坎角炮台還原💖,OP24YpaWqtk
政治揭露#236b 黑議員污手派口罩播毒/口罩運港: 中央1700萬vs黃之鋒10萬/長康村不是淘大: tvb又用磚瓜散恐慌/首宗黑醫間接殺人事件 20200212,MFkf8RszjA0
香港已進化成為一個小愚村 香港人是全球最不合作人類,se9m6K_HQ5I
反送中612成功？香港立法会主席梁君彥取消逃犯条例会议 ？小马识途544期）,-8KacYLzD7w
陶傑．你食蕉啦！｜大年初三幫陶傑開年｜【肥仔傑．論政】,lvmTClkmGGc
黑醫護不民主方式決定罷工｜空姐都可以變成醫護｜今晚9點開直播｜【肥仔傑．論政】,0N-matYy944
何志光 梁思韻 肥仔傑#1一周大事（2020-1-31)跟進肺炎疫情；傳言滿天，政府如何辟謠？,WW0X-M3RVZw
反對派政棍香港電台接力抹黑警隊，一哥公開還擊！仲有咩可以做？｜陳穎欣Joephy Chan｜2020.02.17,z88tt-bCD_s
「與祖國同呼吸共命運」 各地華僑為中國戰疫加油 炎黃子孫心連心,4HFyNdvvCo8
小马星期三晚9PM开直播,WXQryF-iu_k
你吃過阿富汗松子了嗎？,veulylK_Klo
泛民借防護裝備批警 李家超還擊抱不平 激到陳淑莊大呼小叫 執法者付出 不容抹殺！,jC-UEbR9mqU
新冠肺炎康復者獻血抗疫 「因為國家救了我，我也要救回更多的人！」 一齊加油打勝仗！,IoLOoqi73to
"政治揭露#238a 夏寶龍當港澳辦主任,三月將向黑暴亮劍/為何湖北新增確診暴升萬五單? 20200214",L6oDrVMDSoc
黑超 vs 咸頓博士 vs 國際關係Dr. TO. 談北韓！全世界最好味嘅饅頭喺北韓？？,LuEFNT9wEKE
KF69天橋升降機投入服務,l3vOsFX2qxk
"前醫管局醫生：林鄭叫人唔好戴口罩？ 😷 切勿過度驚慌導致供應不足！KF94, N95, BPF口罩點簡？市面消毒用品唔夠，可以點樣防備？丨朱偉星醫生 & 梁思韻【政壇新秀】",hzoMSi-9ik0
政壇新秀x肥仔傑 phone-in 直播節目,1Zg4GDdmRNs
"香港法治最黑暗的1天! 挺警队,何君堯, 特首林郑月娥（小马识途565期）",n8K25s0oyGc
政壇新秀 x陳穎欣 x 何志光 情人節 Phone-In直播 ｜盧竉茂、何君堯 嘉賓 ｜湖北香港人談湖北情況,6ziJxe1fFXE
"高Sir正能量: 高Sir同何志光研究什麼叫""武漢腦炎""?黑醫護話辭職記得唔好反悔!快~唔好俾人睇死🤣",A4kpky8IL3M
【有片】中學生洗腦黃絲集會，煽動學生嗌「死阿爸死阿媽」？內地醫護自願報名對抗武漢肺炎，點解佢哋唔怕死？20-1-24,ZYiYCf1k_mE
口罩工作原理和如何增加免疫力,fg_7jberUic
高Sir正能量: 八個月多消耗最多口罩是誰?群主竟用我資料報考警察!要問問一哥收唔收我🤣,U_NEww67e1U
有片有真相 最佳男主角 之「老屈警察」,f4EGzlVgFN8
【一週減肥挑戰#04】每日運動2小時🏃史上首次連續打5日波！崩潰邊緣😱？肌肉量大增💪？,RqGA7BUheoI
【黃媒不會告訴你的真相】警察學院拍片聲援武漢　普通話鼓勵內地醫護警員　　攜手同心 共抗疫情！,_PUoEfgQZnc
愛國愛港晚宴第二節 高達娬直斥鄭麗琼小學雞,ZDYadwHq314
翔談：患難見真情？？,5YWVaxMK0fg
大衛Sir情人節歡樂今宵（2）：吉Sir、廣州Steven、香港Clara、中山方先生☎️ in 20200214（廣東話）,boTOrGsCKfA
公立醫院護士的一段說話：保護裝備，票從何來？假消息 拍假片！,E8FOx28ynPk
20-2-9 逃兵醫護，決定再次發動罷工？背後究竟有乜嘢陰謀？【有片】面對再次罷工，政府，醫管局，同埋建制，應該點樣應付？,K2FF7WehDIU
中美爭霸#111a 美國藥瑞德西韋救不到新冠肺炎/民主黨初選:極左桑德斯氣勢強建制難阻 20200213,GF48PtGeE2E
武漢肺炎突顯香港政府唔識防疫｜點解武漢封鎖但仲有飛機來港｜【肥仔傑．論政】,LTTlUil__ME
第27青年快閃清潔❣ 大朋友小朋友觀塘牛頭角清潔向清潔工送上口罩💖,eow2osYn-0A
慢慢喜歡你，清醒的頭腦去想一想，去分析，別被被仇恨支配著。,sAbTTZXna-M
高Sir正能量:邊有咁多舖排⁉️華記大衛高Sir三支公笑談連登枱舉,KG3VipTRpHo
"❌Coronavirus vs H1N1 and ""Whataboutism""",L5rhyBKJXb4
頻道被封 死而復生 李梓敬籲大家幫拖 齊抗黃營打壓 撐你！,t2dh8N_R1C0
我的新主意，送什麼給警員呢？打打氣！每次同班朋友都在想。,w6vWY1Xqu1w
造謠口罩送大陸 企圖令市民仇恨政府 罷工醫護工會成立只有2個月Cap水270萬 入會要求簡單 全部都係真醫護人士？,Z2UnYiiH9S4
蕭若元! 别狗眼看人低! 致香港年轻人 没上街的父母不等于不爱你（小马识途559期）,CMUmfVRvw8c
Don't Allow Google in CHINA!,A1sW8E2SdHQ
政壇呻獸 #4A丨黃絲暴徒對封關定義，如何自我矛盾丨不可能封關原因丨 陳凱文、肥仔傑,fXayZR1c_NU
02192020時事觀察第1節：霍詠強 -- 香港要自殘至死方休？,GsNu5s16M5g
高Sir正能量: 肺炎疫情蔓延多間零售品牌暫停營業!年青人爭取的自由是什麼?你父母失業全家無飯開又是你想要的結果?,AQmyBxS_c0A
香港这座城市还有救吗？反送中，反中，反逃犯条例修订还是反林郑月娥（小马识途556期）,fgGn7JeB9Wk
政治揭露#235a 李文亮殉職:黃屍硬屈瞞報疫情再屈李係反共/教會又屈李係基督徒/黨內地方決策失誤是不幸 20200209,9CCU_VQWg94
20-2-5 黃絲議員強上巴士，迫人探熱？返工醫護緊守崗位，但竟慘遭起底？搵隔離中心，一哥做埋特首嗰份？,IU_1-f0V9eg
【黑超哥Solo】黑超哥祝大家鼠年行大運 身體健康,bdvJM2FwWng
【勁搞笑 一定要睇】民陣遊行黑衣曱甴扑爆玻璃諗住講「自己人」嫁禍警察，點知惹來一班黑衣曱甴「真自己人」狂追猛打兼「爆樽」,JufAkBdyhCc
政治揭露#241 雙何被油管無理下架/王維基抬高口罩價錢賤格/我問候李嘉誠個老母/有講大話機器可以呃好多錢 20200219,3JTjYymmijI
出去衝做爛頭卒＋準新娘要警察老公辭職｜陳怡 ChanYee,Juh1JIee4TI
被港產恐怖分子蹂躪後的香港 在藍獅頻道搬過來的影片,HGHgPwwpul0
今日口罩價$1500，香港人有何資格談健康！｜陳怡 ChanYee,iabU3nfWJZ4
社會信用評分是什麼？【全民監控】衝紅燈扣50分？大陸人吃不起榨菜＋茶葉蛋？【我在微博洗腦的日子#1 】,TreviOWR7j0
斥《頭條新聞》抹黑污衊警隊 周浩鼎：奉勸港台自律！ 港台咪再造謠抹黑警隊,Judzw_lOuUo
韓國瑜轉數好高 👍 即時串爆台灣蘋果黑記 💪,Muby-7smTCQ
文盲革命，無眼睇 🙈 記得開聲,zEpBRB_smZk
台灣90後和我哋傾政治（訪後感） - 「今日香港 明日台灣」？ ｜Y2K Channel 2020台灣觀戰｜2020.01.07,OoZP-1JOlNk
醫護罷工首日，我去醫院做檢查。觀眾來信,00UdNAJ8Izk
高Sir特別講場:男人幫梗撐一哥❣倡議1+2+3行動❣,hawN0q__1Iw
政教論彈#214a 黃教會傳道中招停崇拜零奉獻死有餘辜/為何不可停止聚會?香港仍有教會可以去嗎?(希伯來書10:24-25解經) 20200215,cPCA-DYGejg
李嘉誠 痛失香港首富！身家再縮水！想 重返中國市場？！,lzikTRiySRo
【網上影片】假如有一日，革命成功解散咗警隊之後，香港會變成點呢？,Zg9MSiY5BIc
COVID-19：2 月 15 日信息,zQSprLu1GVw
拆解【中國自製武漢病毒陰謀論】Part I｜Y2K 大樹與木頭 @有仇必記- 何志光頻道 Ho C K Jonathan ｜2020.02.01,qAZP0njEPaQ
華記2月17日直擊報道：華記、大衛sir、高sir大家一齊推動「123運動」支持一哥「警務處長」支持推動23條，支持何君堯律師，支持正常人足球明星隊，支持香港super star粒粒巨星！好多超級巨星,WXLrV5bSuAo
星爺對對對新型肺炎,_zZbvNTSYUM
同舟共濟！中資企業全力保障港人👍👍👍,qR-5WXnoRUk
【情境題】醫院清潔阿姐有無罷工？點解係餐廳唔洗帶口罩？｜陳怡 ChanYee,h0jtRbgNo5A
戈培爾效應 大謊言比小謊言更容易俘虜民眾,9Ooz_0kiaNs
一封觀眾的來信：香港全面封關！現在情況有必要嗎？＂全面封關＂真正目的,NmlT93oH2Z8
伊朗向美軍開火！美軍基地80死亡？！特朗普 發表聲明！爆發 第3次大戰？,DTUqd892rSI
20-2-18 一哥+明星，私人飯局，媒體瘋狂抹黑？外傭有確診新冠肺炎個案，外傭僱主如何自保？,FgTeZg9l_eM
華記正能量：要抗病首先要自強,QRC9yLuxhKQ
02182020時事觀察第2節：陳煐傑—前進派出線能否擊敗特朗普,V1AD-Pzv_t0
政治揭露#235b 護協港鐵港龍排隊罷工/假藍配合腦燒打李梓敬/黑醫搞眾籌後去劈酒 20200209,s_nbWyG1Pi0
港大袁國勇：正研究新型冠狀病毒疫苗！,Ftrsl153jiY
（粵）醫療組織捐贈物資價值85萬美元分援滬鄂,FWI1-fbrfZI
我容易吗我?!5个让你成为百万youtuber/自媒体的关键! (20200205小马识途),6PFDRsNjFqY
【一週減肥挑戰#08】傳說中納豆減肥法？😬 超有效！吃了5天納豆瘦好多😍,AJF1NDFWAY8
20-2-17 港台抹黑，一哥發火，鬧爆港台？葉劉做嘢，去信大學，喝令清除連儂牆？,11mdP336Ybw
拒絕罷工，反暴力，反威脅。,7bCTJ5u7Zv4
冼國林談司法制度： 好壞取決於法官水平！ 大家認同嗎？,qx-3_81Rm28
高Sir晚間講場:高Sir何志光等香港網紅唱作歌曲，以歌傳愛為武漢加油！,Y85kYu1aJ9w
20-2-8 逃兵醫護，放棄罷工嘅背後真相？【有片】點解「集體辭職」唔係投票選項？做完逃兵，【法律上】係咪可以秋後算賬？,aSNHf1TYKoc
Lawrence 哥精神病院日記：什麼是五教？洩漏「天機」？－劫後餘生記（03）,9yqJWQFeKIE
02142020林修榮理財分半鐘-- 你適合創業嗎？（三）,Pc5ORIsLNqY
新冠狀病毒 封城有無幫助？美國流感 港媒無大肆報導？ 反對派搞示威活動 自由重要定生命重要？,iGpDMBosxPs
香港鬧劇夠鐘收檔了 同樣劇本已改用到伊朗上 蔡特首已宣佈台灣正確名稱為中國台灣,fdkU19kaNms
历史回顾:97年香港能否独立？ 小马 VS MAN SIR (20200209 男人帮大联盟),GMBnwTjg8EU
"雨过天晴我们再探索中国之美！小楠, 春小喜, 小马识途！",MAAhjm_VYyI
丹麦事件再發展：口說 伸出援手，實則 封鎖口罩仓库？投票 可以決定對錯？,txK1GVVzjW0
香港之籤，如何解說？箇中玄機？第九十二籤上集,h4OC2zMSrl0
大衛Sir歡樂今宵直播：18要封？病左睇醫生？🤣！不如關心下東非和民主國嘅議長／☎️ in 20200215,Kejp9q_uYHs
LawyersHK贈口罩 正氣律師向老弱送暖 充滿正能量！,AvwcuLiaZnU
蕭若元賤過陶傑｜蕭若元散播謠言｜打壓藍營KOL 李梓敬 何志光｜【肥仔傑．論政】,y4P-C80l2Ss
肥仔傑 VS 梁美芬｜四大香港抗疫措施｜人流管制｜口罩限價限售｜【肥仔傑．論政】,-2eqgnWVg3I
2020三藩市新春花車大游行，梁建鋒社長在星島花車向星島廣大讀者、聽眾、觀眾拜年,fJ7MVbg3FbM
香港發生廁紙劫案！ 篤警察最終被判罰款2000元 法官基於案情不是太嚴重...,vDwfR2K2tFQ
"❌Coronavirus: ""Free Speech"" in Defense of RACISM",uyogMMmAJMw
香港需要封關?是!是全香港所有人不得出入!,ewO1NvnSQZs
*《開微博！做網紅！》*,UTWc7Dyty6Q
華記2月14日情人節直撃報導，政府發250億防疫基金 華記日本訂10萬口罩冇左（因為架郵輪大規模感染）各區垃圾站派口罩給清潔工人（香港19區）但華記力量唔夠希望大家捐一些口罩出來及誠邀義工貨van司機,HtYQa2VG4N4
高Sir正能量: 清潔險被私了?黑心工會接力罷工迫政府跪低!建議它們必須負上法律責任!政府後知後覺終關注清潔工❣,p5mI49b3wb0
杜汶澤「二五」遭連登圍插，森美父母被困遊輪入唔到關，終於知道封關的不人道? | Y2K 大樹與木頭 | 2020.02.16,WBl5lhols7Q
黑超狼人殺第二回 下集！嘉賓： 何志光、李梓敬、陳穎欣、夏泳迦、黑超嫂、周潔瑩、高松傑、劉文傑、可澄、阿蘇、Terence、William,bfLaKFeV8dA
大衛Sir午間直播：【思考】事實與理論？歸納與演繹？人性與是非？20200215（廣東話）,S9bkZBJRFj4
誠哥好嘢！,CTIbeL8xWA0
新麗閣商場及街市,DqdEh2dMAxo
中美爭霸#110c 彈劾案鬥衰格:佩洛西當眾撕侵講稿/佩不睇好民主黨能贏侵？ 20200210,4aNMdd0EgjY
接受国际新闻采访！被剪辑成灾难 抹黑片！？,-QD_-foDkz4
大衛Sir感恩大家歡樂今宵直播（4）20200216,KKhJYrxTAwg
美國空襲炸伊朗：真正目的 竟然是中國？！破壞一帶一路？,y-jocVYcbeA
敘利亞戰火中的玫瑰精油──液態黃金,_Md1-VPadFk
高Sir正能量: 黑醫護車輪開記招 人數唔夠揾埋過氣空姐頂擋🤣,kUH6fY12H_k
為什麼貨車司機、空姐空少不用14日隔離？陳怡的生活習慣分享｜陳怡 ChanYee,Q-F8oFTyeX4
華記2月6日晚間直撃報導，黑護罷工，華記訪問一位私家診所的愛心護士，自願上前缐到公共醫院服務香港市民，華記交代一下馬來西亞華人非常支持香港及中國！,W8dPnRSNaRo
高Sir正能量: 何志光同李梓敬被蕭若元攻擊! 林鄭一跪再跪市民絕不會跪😡,bSdiaqXQmfk
財經揭露#10b 道指近3萬/Tesla狂升之謎:似足Bitcoin/異象: 美元強金不跌金股跌 20200212,fNg3jmRCO-o
"港青組成""香港青年抗疫行動"" 發動街頭簽慰問卡快閃行動為武漢加油",7OaPLLegPaI
02172020時事觀察 第2節：余非 -- 樊錦詩──我輕輕的把門帶上，卻忽然想起他已經走了。,0lBvXR1WZ-o
"華記翻转马来西亚找口罩3部曲! 華記正能量Alex Yeung channel, Man Sir, 小楠NY(男人帮大联盟20200208)",inDQ2KfoJcY
華記、大衞sir中環美心飲茶，支持市民消費，振興經濟！ 星期日中午12:00龍華酒店食開心齋宴 大家必需要遵守下列規矩 1）我們會量體溫，如果發燒，退款，馬上去醫院 2）我們要帶口罩勤洗手，不握手,NwP1oiugSOQ
反送中运动＝孙中山革命 香港反逃犯条例被过度美化！ (小马识途567期),JUCoozkfuB8
暴徒從理大天橋游繩逃走過程 喺天台搵到好多成年港童和魔法瓶 在藍獅頻道搬過來的視頻,3fE3z6nc0iI
【一週減肥挑戰#07】中醫減肥法👨🏻‍⚕️飲中藥＋拔罐🥵？這樣做真的可以瘦嗎？,VixjRhGvliY
【一週減肥挑戰#02】每天8杯水4000ml💦！吃超多都瘦了？😳 戒掉飲料零食，這樣生活會不會沒樂趣？😫,ccGkvl9WnRM
【一週減肥挑戰#01】一星期減6磅😱？挑戰晚上7點後禁食🚫！會唔會肚餓到訓唔到😢？,uap0dqNT6ZM
大衛Sir華哥要求，森林哥，大衛Sir唱兩句歡樂今宵直播（3）20200216,TMSltlGhS1w
20-1-20 示威狂徒以磚頭圍毆便衣警，揭示暴亂將升級至恐襲階段？各區「私了」不停發生，市民應如何自保？,4z1eG8Lj0xQ
區區華為就能威脅西方？ 傅瑩現場反問佩洛西：民主制度如此脆弱？ 贏盡掌聲！,36TEP7xX1NU
"社區派口罩，義工和捐贈者的一份心意💗 愛心轉贈口罩計劃，讓香港暖起來！🥰丨save hk x 政壇新秀, 肥仔傑, 李梓敬, Y2K, 高松傑",wPnc9HkR7cs
醫護罷工 令人傾家蕩產！沒錢的小巿民 真是等盲眼了！喊著正義口號，做害人的行為！,gqC41fQYyEU
大衛Sir龍華歡樂今宵現場直播（1）20200216,IJ9KEB85hi4
我是中國人， 武漢加油！ 高質片！,jA0TX7flfzY
政壇呻獸 #4C丨用罷工手法醫人？救港定禍港？簡直道德淪亡！丨 陳凱文、肥仔傑,lbq7X9dauCA
"政教論彈#213a 搶口罩搶廁紙百物短缺: 把憂慮卸給上天, 祂必看顧20200207",Rfm3yuzPfvk
新型肺炎/ 武漢肺炎 已有預防涼茶處方 #請廣傳！,LECeuPjU7wQ
中國發起新冷戰？美國的空心化？第4次工業革命　現在是中國最艱難的時期？,jiCjvyVGKTA
20-2-2 醫護工會罷工，提出「五大訴求」，究竟係乜嘢訴求？ 呢個工會背後，究竟係乜動機？面對脅逼，政府短期同埋長期，應該點樣對應？,lNSwyR7-m_k
丹麥侮辱中國？首相：拒絕道歉!傳統 就可以侮辱他人？,uJUIidbiVCk
【必睇！深度踢爆】黃營最新吸錢大法｜透過打壓KOL100 營造假想敵｜【肥仔傑．論政】,YxA2q3xoznQ
【超簡易DIY美甲💅】新手輕鬆做到Gel甲💙！淘寶美甲產品伏唔伏，延禧莫蘭迪色？,GC1q930cSgY
02142020時事觀察第1節：對話何仁,1AKNscZ9hio
丹麥爆發H5N1！我是否要說：這是上天賜給你的？生而在世 有三不笑！,w7GFIMYTxQQ
Huawei Ownership LIES,6NoKK4_tQOA
高Sir正能量: 我又被人開專頁惡搞🤨紅XX會唔做人道工作專登去睇一個小人物Youtube⁉️代表乜?,eX-VFTn1OoY
祝大家百毒不侵( 這是一條倉鼠生活短片),qY2ow0-Al3A
第26青年快閃清潔 九龍塘清潔煽動罷工文宣,k1OuPn1Uhug
朱偉星醫生 梁思韻 前醫管局醫生談醫護罷工要脅封關 ｜行動升級 病人犧牲｜醫護罷工＝逃兵？何為醫學倫理？｜封關＝政治行動？武漢疫情封關大公開｜新型肺炎VS沙士 SARS 經驗分享【政壇新秀】,trA6pUE3FEI
政治揭露#240a 將同何君堯做節目/大紀元連登又號召網民投訴殺本台/笨賊偷廁紙/油管不公我套套片黃標無盈利 20200218,tu_Ul6OXRfs
年初二再次發生謀殺私刑 拆解媒體 東方、01、立場、蘋果、Now點報導？真係全部武漢人？今次邊個媒體最歪曲？結果你地估唔到！,dLWL-ZUdigM
"七一香港回归,青年占领立法会,G20川普1字不提反送中,华为禁令解除, 开箱HUAWEI P30 PRO (小马识途564期）",mTkgVq3YMPQ
中美爭霸#110b 那一個是中國最好朋友?/印度用俄S400/美國如何外強中乾:今年失去整個中東?/命運共同體是什麼意思 20200210,gBb_0G6oHtM
《在疫情風浪中看中國與「國際」》,-0gQsvHVG8k
政府不應干預自由市場？任由 暴利炒賣？損失全是 基層市民！,w7xIxS8JGB8
大衛Sir午間直播：盡訴心中情😁？做好一件事，比做完一件事重要💡20200217（廣東話）,d9vYWgfElS0
港独反送中条例612号召全香港罢工罢课 反逃犯条例不是这样的! 小马识途543期,ZDg11A5XoAE
黑超狼人殺第二回！嘉賓： 何志光、李梓敬、陳穎欣、夏泳迦、黑超嫂、周潔瑩、高松傑、劉文傑、可澄、阿蘇、Terence、William（上集）,N3BuWUYhG_w
大衛Sir深宵食堂：之繼續☎️ in （90後PETER哥、吉Sir及中山方生、吉Sir唱大地恩情、美國William、加拿大Deborah（聲音很似馮寶寶姐姐））。20200218（廣東話）,vdHsHG0MAqc
"挺黄智賢, 夜問打權不能停! 揭露香港反送中真相被蔡英文停 （小马识途561期）",vyiAJwgSJt4
那些新疆警察对她做过的事！中国VS马来西亚穆斯林 (小楠书房20200120）,weSPX4KDk2I
黑醫護再次發起工會行動｜明天起搶奪醫療物資｜黃之峰請公開購買渠道｜【肥仔傑．論政】,C52F_qYlf-0
"黄之锋,蔡英文,特朗普消费香港!撑反送中拿廉价政治宣传!（小马识途566期）",j2-FZ0uZzJc
20-2-12 護協黑幕，唔敢罷工，背後真相？【有片】李國麟話無講過罷工，前言不對後語？醫管局一個月冇咗3000萬個口罩，口罩究竟去晒邊？,1PEaBZsiVaY
【黑超真相】反對派流料當堅料 作大自己都唔笑？,bYZhUpz-_aE
中國疫情 至今 其實有多嚴重？超級大國的表現：H1N1 亞洲病夫 關閉邊境 全國病死率 中國經濟和發展！,eWoJvcMRXcI
【一週減肥挑戰#03】低卡料理自己做👩🏻‍🍳！省錢又減肥？體重終於突破7字頭啦💥😫丨超好吃薑汁肉片，氣炸鍋烤三文魚🐟,ANjIsEFWjTk
斥罷工醫護無恥逃兵 網傳退休消防怒斥：我哋唔會話Order唔啱，就唔入火場救人！,iGSIDzVmTmo
20/12/19 第二集(共三集): 大埔姚鈞豪區議員直播與暴民合作追捕警察的片段 冇睇錯! 冇聽錯! 佢哋係追捕警察 追捕警察過程04:30開始,Y9uhoUNAkyE
中國加油！武漢加油！香港加油！,olyjRYRoXBU
中港一家 決不離棄 市民街頭集心意聲援武漢 大疫之前 互相扶持！,9-aotimbi18
大陸女生聊香港🇭🇰！講政治會被抓，你翻牆黨知道嗎⁉️ 香港人不是中國人，台灣屬於中國？😱 港豬/小粉紅/深紅？教育出問題？（ft.話一圈）,NZ46AtmXkMk
【最新】醫護逃兵表決罷工一再搬龍門，最終慘敗！延遲表決嘅「幕後真相」｜Y2K 大樹與木頭｜2020.02.07,f0pvUpqAkFw
高Sir正能量: 大衛高Sir笑研郭議員智力🤣 華記森林哥高Sir新作 😜,lTFFGXMrdbQ
何志光 梁思韻 #2 一周大事 民主騙局爆煲｜過氣暗星派口罩呃like大搞極權法西斯｜非法罷工 破壞香港 全城震怒,gNJ1BBBck9w
政壇呻獸 #4D丨政府有冇權利解僱黑醫護？緊急法為何不能用？丨 陳凱文、肥仔傑,7sol6rn4160
我曾是一隻大黃絲：2014佔中/2019年反送中＋莊思明在國泰上｜陳怡 ChanYee,KBdqhfm7AzI
從奪命意外看到黃絲的邏輯＋聖誕日日搞商場等於抗爭成功？｜陳怡 ChanYee,AFwgEOJO6YY
"有互聯網,對付中國就有辦法？今天的中国比較 前苏联，形势更嚴峻？",-vpTIk0aObc
華記2月17日直擊報道，一哥昨晚聚餐被反對派攻擊，我們支持正常人聚餐，華記呼籲全香港市民支持何君堯推動23俆立法。,5xP3mGIAw5k
武漢疫情超級擴散！獨裁政權人禍？大陸政府不讓戴口罩😷？全都是吃野味的錯？香港準備淪陷！【回覆垃圾網民】,j37esp_mLIs
屈穎妍:香港之烂 烂在政府公务人员骨子裡 (20200107小马识途),ap0y7804z9Q
香港醫生又罷工＋武漢女：「山東沒有病毒，所以我來了！」｜陳怡 ChanYee,B4rBriTStLQ
【有片】李光耀霸氣對付罷工逃兵，林鄭敢嗎？陳肇始你喊有用嗎？政府應該點樣回應醫護罷工？ 20-2-3,OTeEZo_avQE
2020! 陳怡直播 05/01/2020,bVFPSTjoY-w
香港幾百萬個記者只得毒果記者知道真相???究竟毒果嘅獨家資料係邊度嚟?,F3znmWd-zWs
華記2月13日報導，「忘不了」您的開心約會，世界聞名大馬魚王「忘不了」，一試難忘，80年歴史龍華乳鴿，星期日2月16日晚上7:00沙田龍華酒店見！特別介紹「森林」新歌發報！更正枱獎每席送一瓶only,Nqx1v9tBBOQ
黃營玻璃心碎，反目仇日😡全因日本全國為中國加油【有片 包感動】｜Y2K 大樹與木頭｜2020.02.19,rBNd-jiIdnU
疫情國際突發訊息：60多国採取入境限制！中國駐美國大使館緊急通知！艰难困苦，玉汝于成！,Abi1FOO2gQk
The Future of Hotpot,R4j6tZQibWY
（粵）灣區華人華僑賑災物資 趕南航末班機回國,LqasX-fpVXk
華記2月8日直撃報導，fb又滅聲，華記正能量fb 6又瓜左(取消帳戶）去過很多地方自己隔離一下，因為我冇帶口罩，對抗疫情要個人強身健體，在家做段練，另外大馬之旅特別嗚謝大隻man，小馬，滿能量。,QT2kBH36WlI
這幾天我去了⋯,LxHGL9tnYV4
正歌分享：每天扣你多一些 (主唱：YC傻b cross over G瘋神)｜Y2K 大樹與木頭｜2020.02.15,nPGo_U5O804
❌CORONAVIRUS LIES,8a8avCFbON4
高Sir正能量:講台過問題越來越多❣廣播處長呢個職位係咪唔應該存在⁉️,kQH0p7v5tW0
美國流感 大爆發？！死亡：6600人 ！感染：1300萬人 ！,TKh8TnHLJgs
廈門六中合唱團翻唱歌曲以歌聲向前線醫護致敬！中國加油　武漢加油！,RZywDYLStbI
"高Sir正能量: 邪不能勝正❣黑醫護罷工戰失敗醫管局須設立機制追究到底❣政府需推""限罩令""❣",Yb95mHLNEwA
回復黃觀眾留言！陳怡2.0？滾回大灣區？大陸人扮香港人？的士撞人我看不到？,TqfHqLyZn4I
黑暴淪落成廉價暴徒！為8000元 受僱打劫！,8Ve2i4xfgxE
奔赴武漢 甘棄青絲 洛陽女護 削髮戰疫 心善最美！,vni5FjjpFTA
街頭實測！幾多人冇戴口罩？😷即場派比俾路人反應？肥仔傑 x 陳穎欣（中文字幕）,E02fkjaC7XM
立橋保險造口罩贈弱勢 CEO陳健波料下周投產：一齊走出困局！ 多謝善舉！,L1oGeoSIeXM
✖️More PROOF the US is Backing Hong Kong Riots!,IbdCuId7BMQ
華記2月10日晚間直擊報道，恭喜男人幫（沖生、大衛sir、李梓敬）三位盟友今天一起衝破YouTube 十萬訂閱，正常人的聲音已經廣傳，反對派歪理越行越窄，白俄羅斯美少女報道，白俄羅斯全國口罩及抗疫物資,DPLs3sLb84g
香港 口罩慌：黃之鋒10萬個口罩，建制派 做過什麼？,hUUqkpxDgzY
（國）醫療組織捐贈物資價值85萬美元分援滬鄂,CVF8bbohOmY
【黑超飯局】KOL100 齊開年｜肥仔傑、高松傑、何志光、陳穎欣、夏泳迦、可澄、李梓敬、娘娘、Jay哥,K08uO1OQEPo
"愛心轉贈口罩計劃#2💪🏻 全港社區抗疫連線 觀塘區清潔工人+保安👷🏻‍♂️香港暖起來！🥰丨save hk x 政壇新秀, 何俊賢, 柯創盛, 高sir",SqM26koCJyY
【捉鬼捉出禍】黑記為咗老屈警察累死前線 拆解毒果專搵示威者做採訪,uPjThaLG_Kk
HEYTEA Full Menu Challenge,k98GJBNLVpw
"20022020預告今晚有機會做直播釋除大家對黑超義工隊嘅疑問/另外， 會做phone out, 如果想我打比你， 請inbox我你的電話號碼。",t6zPBC6Cn5M
（國）灣區華人華僑賑災物資 趕南航末班機回國,oZcCTruW5Rk
【社區揭露】反對派議員+YC團購口罩騙局，黃之鋒趁口罩荒瘋狂抹黑｜Y2K 大樹與木頭｜2020.02.02,5EB5mNG5LFM
20-2-13 逃兵醫護，唔搞罷工，變招玩嘢攪破壞？ 口罩短缺，政府軟弱，葉劉，屈穎妍，冼師傅大發火？,PWDI7shNe4E
《頭條新聞》抹黑執法者 如何令港台改革？ 鄧家彪獻計︰Cut Budget！ 你又點睇？,X2GmfavJsdY
Lawyers HK抗疫傳愛心 搜羅口罩贈弱勢社群 感謝無私送暖,CxkbhNBUejQ
讀醫護係咪傳聞中都是仇警？🤔🤔 新識的朋友講咩？想知道立即聽下！,QhAECC4CkSM
從武漢肺炎睇到港府有幾廢，別被恐懼侵蝕｜陳怡 ChanYee,boT0F8FccoA
香港電台頭條新聞驚方信息內容令人髮指！ 真香港人一定要支持我今次嘅行動！ 請大家訂閱share like comment唔好漏咗個 窿窿,iv25lRNj6nY
肺炎疫情肆虐 全城一罩難求 港大深圳醫院教D.I.Y.口罩抗疫！ LIKE！,aLTWgC2WU_A
一位醫生的公開信：03年沙士襲港：全球讚賞！反觀今曰：欠缺的卻是 人心齊一！,BpbmE-rsdFE
新加坡经济成长创10年最低，新国沉沦成为一下个香港？(20200103小马识途),RfzYnRCWggM
【黑超真相】阿叔仇警 製造分裂 散播仇恨,RQ1T3xLSBUE
"反送中示威, 香港警方反击！蕭若元, 马来西亚华人回应你的呼吁（小马识途545期）",l7PPQcQfGLo
政治揭露#239b 黃屍想森美父母死: 反對設檢疫中心阻回港/港台郭家麒老屈警方霸佔防護衣/罷睇黑醫係TVB 9UP 20200217,6Z6z0Z5ADhI
緊貼長康邨最新情況，一招防U型管乾涸！醫護又罷工？｜Y2K 大樹與木頭｜2020.02.11,FQW9L9M6mVM
笑爆咀廣播劇 之「18樓唔知邊座」今集主題：醫護罷工,TdlWuPjsV7k
"政治揭露#237 星火涉毒:泛民用毒品控制暴徒天使/黑暴要攻擊抗疫診所/林鄭不理滯留湖北港人/港有治癒個案,全國最遲/無聊炸彈:一日兩單只能炸爛鞋盒/ 20200213",7md-vnE5WtU
黃色經濟圈｜陳怡 ChanYee,1I9Ngdmh8ss
空姐牛肉飯老板娘Annie親身剖白因政見遭受打壓｜社區焦點｜陳穎欣 Joephy Chan,O0MHOnC4yS4
Save HK口罩捐贈行動｜陳穎欣 Joephy Chan｜2020.02.03,4vXp39yOxIM
去台灣掘金、悲情城市九份、台灣當地人點睇選舉｜Y2K遊台2020｜EP1,O2_yzop5Sx0
不要讓他們得逞,ONF8wfYRg5o
龍心在中環地鐵站激死一班冇骨氣要搭港鐵的黃絲,gHLQ6hwP0OA
中環知多少？有咩介紹🥰好餐廳，寧靜優美。 你來過未？,zIefZ9iWtrM
Brad Pitt 搞笑版「以後平安夜就唔好衝啦！」,DX02mP5Hqnc
幾位觀眾的疫情影響！Simon到國內後，明顯心情開朗？,cRRoGFjFzqk
財經揭露#10a 口罩有大莊家/美股港股升證明大陸疫情轉好/地產股甚淡 20200212,6jdSvVCznjM
報應？命運？存在嗎？,eBqEP_Zq9zM
（直播）02-13-2020總編輯時間： 中國錯了嗎？,u0XUZRTgd7Q
暴亂，想食飯不受騷擾，可以點？？,GTerfQxDyLM
大衛風David Phone之歡樂今宵：記者會和經濟和局勢／嘉賓（香港A君B君、香港T教授、香港三皇子）☎️ in 20200219,ykdHncqK7z0
"政治揭露#238b 黃之鋒賣國產口罩重覆扣錢涉嫌詐騙/譚文豪自相矛盾:要接二千湖北港人回港,又要進一步封關 20200214",l3LP_LxDLUk
"5G华为Mate 30 Pro, 买不买？鸿蒙系统,麒麟985（小马识途546期)",IfcNHpLXrms
【頻道被封，請廣傳】連登打壓，頻道被封，死而復生，之後點算？20-02-16,E3O-hjU2DAM
【香港考車牌Q&A🚗】一Take Pass秘訣？XX駕駛學院超伏😰！學車洗好多錢？點解學車？,aUwihoB7Dk8
02192020時事觀察第2節：霍詠強 -- 主角換成美國、謊言就會變成事實,lzA1-k3RCsk
疫情下的香港‧不可做及要注意的事,b_AilikghXU
大家好🥰新年到，我有話想說。,c7DCk7vuFAE
❌Inside Coronavirus-Affected BEIJING,30v5-ocFm3g
黃色經濟圈: 當生意扯上政治就變得好難做 大門橫丁就是一個好例子,A8YXH1QLieA
11月24日一票都不能少 20191122,VoI2i48oUt8
大衛Sir情人節午間直播：未雨綢繆與臨渴掘井？20200214（廣東話）,n8TTKFxJsO0
【搬屋日記#3】500kg集運(下集)！組裝大型傢私，$2000掃地機器人🤖️ 廚房收納用品，粉紅少女心電競椅💕 超多人問投影機伏唔伏？📽,n1ZPHwO39KM
民主黨帶頭瓦解黃色經濟圈,4J9faKdHOLE
COVID-19：2 月 14 日信息,Pg3UUTEm7a8
第26青年快閃清潔 各區清潔煽動罷工文宣 (觀塘、何文田),WVEIXonBqf0
華記分享一個李光耀（前新加坡總理）故事 我想說給大家知道，一個關於中國人的故事 不管一個人到哪裏生存 只要是我們的祖國被人看不起 你到哪裏都被人看不起 這可是這樣 你只要我們的國家被人看不起 你,xudM6y2sj9Q
武漢作家被關在家裡15天,CsARfL4IwWs
武漢肺炎最新消息！大陸隱瞞死亡人數？南韓&澳門都有病例！香港全城戒備新沙士？病毒基因達80%相同🦠！【我在微博洗腦的日子#2】,On1Ms0osxEM
6分鐘了解麗閣商場6大不足,zHZ5y26gjo8
搞事被警擒獲 黑衣人求饒：對唔住！對唔住！我無反抗！ 疫情嚴峻仲搞事,uNL1YKEED8c
去逛逛上海街618號 排了SUKIYA15分鐘食牛肉飯,6UCkii5vHcA
（粵）桑德斯東灣造勢 列治文萬人集會,g3r9ut4Gdbc
黑超 VS 咸脆花生博士 VS 國際關係學博士Dr. TO 分析香港疫情情況！,ptC9JbXyJCI
何志光 梁思韻 一周大事#2丨滯留武漢港人如何回港？丨全港多謝HKTVmall？經濟效益VS社會效益,PbhQPZsWNR8
"中国人来马来西亚免签证, 大马政府也变了五毛？（小马识途20200102）",CfQrF-ufqhE
❌Hong Kong Police VIOLENT?,g4pktbgDbT0
大衛Sir歡樂今宵直播：一哥縱橫談／☎️ in（國內雪球姐姐、美國Fion、香港Clara） 20200217（普通話+廣東話）,tM1ZkJagro0
（粵）菲蒙市長高敘加 支持彭博主白宮,tDUKbkeQ4I4
"❌The Chinese ""SPY""",94paB7I4qbA
KOL李梓敬有重要事情宣布,3Wpln4JPhOI
【議會監察】深水埗區議會淪為港毒仇警平台 - 專訪劉佩玉議員 報告會議情況｜Y2K訪問｜2020.01.08,j2890uHi5k8
黃營大陰謀，散播武漢肺炎假新聞？政府如何打擊？內地武漢肺炎病人，香港免費睇醫生，究竟係咪真？20-1-28,Y-f9mDxf7IE
旺角暴亂2.0隨時殺到：政府的責任？高叫爭取自由 來剝奪我的自由？,rO--eQm3Esw
马来西亚男孩女孩为武漢集气！中国加油，世界挺住！（小马识途20200127）,LcYzBkRptX4
口罩荒．不及人心慌，拆解反對派趁機造謠 ｜Y2K 大樹與木頭｜2020.01.31,ZboiN3zojhs
約見運房局副局長 跟進屋邨防疫工作｜陳穎欣 Joephy Chan｜2020.02.12,vP6wXAbqypc
"大家用自製口罩頂住先, 讓老人家病人優先用醫療口罩。",oMcIh8nHkXs
4分半鐘介紹麗閣Food Court,dZQZLqqNToY
無人駕駛的配送車,9kQZacZ5rqc
EPIC CHINA: Foreign Devils,Z61TSs5WFSg
